#,accession,total,log(e),EC,description
1,ENSP00000426179,30401,-5999,4,"ALB, albumin [Source:HGNC Symbol;Acc:HGNC:399]"
2,ENSP00000401820,31434,-5999,4,"ALB, albumin [Source:HGNC Symbol;Acc:HGNC:399]"
3,ENSP00000216181,33614,-5999,4,"MYH9, myosin, heavy chain 9, non-muscle [Source:HGNC Symbol;Acc:HGNC:7579]"
4,ENSP00000357129,4080,-5999,4,"SPTA1, spectrin, alpha, erythrocytic 1 [Source:HGNC Symbol;Acc:HGNC:11272]"
5,ENSP00000421027,30006,-5999,4,"ALB, albumin [Source:HGNC Symbol;Acc:HGNC:399]"
6,ENSP00000370290,11421,-5999,4,"ALB, albumin [Source:HGNC Symbol;Acc:399]"
7,ENSP00000357130,4045,-5999,4,"SPTA1, spectrin, alpha, erythrocytic 1 (elliptocytosis 2) [Source:HGNC Symbol;Acc:11272]"
8,ENSP00000393831,13049,-5999,4,"ALB, albumin"
9,ENSP00000422784,30927,-5999,4,"ALB, albumin [Source:HGNC Symbol;Acc:HGNC:399]"
10,ENSP00000379616,22204,-5999,4,"MYH11, myosin, heavy chain 11, smooth muscle [Source:HGNC Symbol;Acc:HGNC:7569]"
11,ENSP00000384695,33055,-5999,4,"ALB, albumin [Source:HGNC Symbol;Acc:HGNC:399]"
12,ENSP00000300036,24349,-5999,4,"MYH11, myosin, heavy chain 11, smooth muscle [Source:HGNC Symbol;Acc:HGNC:7569]"
13,ENSP00000295897,41105,-5999,4,"ALB, albumin [Source:HGNC Symbol;Acc:HGNC:399]"
14,ENSP00000345136,23726,-5999,4,"MYH11, myosin, heavy chain 11, smooth muscle [Source:HGNC Symbol;Acc:7569]"
15,ENSP00000407821,21100,-5999,4,"MYH11, myosin, heavy chain 11, smooth muscle [Source:HGNC Symbol;Acc:HGNC:7569]"
16,ENSP00000380147,4286,-5422.3,4,Ankyrin-1 (Erythrocyte ankyrin) (Ankyrin-R). [Source:Uniprot/SWISSPROT;Acc:P16157]
17,ENSP00000339620,4489,-5410.5,4,"ANK1, ankyrin 1, erythrocytic [Source:HGNC Symbol;Acc:HGNC:492]"
18,ENSP00000309131,4285,-5401.9,4,"ANK1, ankyrin 1, erythrocytic [Source:HGNC Symbol;Acc:492]"
19,ENSP00000289734,4490,-5401.9,4,"ANK1, ankyrin 1, erythrocytic [Source:HGNC Symbol;Acc:HGNC:492]"
20,ENSP00000369082,4340,-5390.2,4,"ANK1, ankyrin 1, erythrocytic [Source:HGNC Symbol;Acc:492]"
21,ENSP00000265709,4467,-5370.3,4,"ANK1, ankyrin 1, erythrocytic [Source:HGNC Symbol;Acc:HGNC:492]"
22,ENSP00000380149,4272,-5355.1,4,Ankyrin-1 (Erythrocyte ankyrin) (Ankyrin-R). [Source:Uniprot/SWISSPROT;Acc:P16157]
23,ENSP00000334218,1285,-5345.9,4,"SPTB, spectrin, beta, erythrocytic"
24,ENSP00000374371,8440,-4970.3,4,"SPTB, spectrin, beta, erythrocytic [Source:HGNC Symbol;Acc:HGNC:11274]"
25,ENSP00000374372,8247,-4925.1,4,"SPTB, spectrin, beta, erythrocytic [Source:HGNC Symbol;Acc:HGNC:11274]"
26,ENSP00000374370,8206,-4750.4,4,"SPTB, spectrin, beta, erythrocytic [Source:HGNC Symbol;Acc:HGNC:11274]"
27,ENSP00000331514,54769,-4639.8,4,"ACTG1, actin, gamma 1 [Source:HGNC Symbol;Acc:HGNC:144]"
28,ENSP00000361824,21595,-4594.7,4,"SPTAN1, spectrin, alpha, non-erythrocytic 1 [Source:HGNC Symbol;Acc:HGNC:11273]"
29,ENSP00000361816,21642,-4563.5,4,"SPTAN1, spectrin, alpha, non-erythrocytic 1 [Source:HGNC Symbol;Acc:HGNC:11273]"
30,ENSP00000350882,21846,-4526.2,4,"SPTAN1, spectrin, alpha, non-erythrocytic 1 [Source:HGNC Symbol;Acc:HGNC:11273]"
31,ENSP00000349960,53897,-4147.8,4,"ACTB, actin, beta [Source:HGNC Symbol;Acc:HGNC:132]"
32,ENSP00000349588,3968,-4073.4,4,"ANK2, ankyrin 2, neuronal [Source:HGNC Symbol;Acc:HGNC:493]"
33,ENSP00000391782,3589,-3993.1,4,"MYH9, myosin, heavy chain 9, non-muscle [Source:HGNC Symbol;Acc:7579; P35579; NP_002464]"
34,ENSP00000349259,21706,-3837.7,4,"SPTBN1, spectrin, beta, non-erythrocytic 1 [Source:HGNC Symbol;Acc:HGNC:11275]"
35,ENSP00000338576,13814,-3666.7,4,"MYH9, myosin, heavy chain 9, non-muscle"
36,ENSP00000322421,21946,-3575,4,"HBA1, hemoglobin, alpha 1 [Source:HGNC Symbol;Acc:HGNC:4823]"
37,ENSP00000251595,21958,-3575,4,"HBA2, hemoglobin, alpha 2 [Source:HGNC Symbol;Acc:HGNC:4824]"
38,ENSP00000364416,12141,-3513.8,4,"UBR4, ubiquitin protein ligase E3 component n-recognin 4 [Source:HGNC Symbol;Acc:30313]"
39,ENSP00000364403,12711,-3513.8,4,"UBR4, ubiquitin protein ligase E3 component n-recognin 4 [Source:HGNC Symbol;Acc:HGNC:30313]"
40,ENSP00000364374,12165,-3503.8,4,"UBR4, ubiquitin protein ligase E3 component n-recognin 4 [Source:HGNC Symbol;Acc:30313]"
41,ENSP00000364365,12040,-3490.2,4,"UBR4, ubiquitin protein ligase E3 component n-recognin 4 [Source:HGNC Symbol;Acc:30313]"
42,ENSP00000246662,40897,-3484.7,4,"KRT9, keratin 9 [Source:HGNC Symbol;Acc:HGNC:6447]"
43,ENSP00000334156,20838,-3368.3,4,"SPTBN1, spectrin, beta, non-erythrocytic 1 [Source:HGNC Symbol;Acc:HGNC:11275]"
44,ENSP00000262418,5347,-3285.2,4,"SLC4A1, solute carrier family 4 (anion exchanger), member 1 (Diego blood group) [Source:HGNC Symbol;Acc:HGNC:11027]"
45,ENSP00000351681,1252,-3210.1,4,"ANK1, ankyrin 1, erythrocytic"
46,ENSP00000295137,49246,-3114.6,4,"ACTG2, actin, gamma 2, smooth muscle, enteric [Source:HGNC Symbol;Acc:HGNC:145]"
47,ENSP00000386857,40548,-3114.6,4,"ACTG2, actin, gamma 2, smooth muscle, enteric [Source:HGNC Symbol;Acc:HGNC:145]"
48,ENSP00000224784,49569,-3106.3,4,"ACTA2, actin, alpha 2, smooth muscle, aorta [Source:HGNC Symbol;Acc:HGNC:130]"
49,ENSP00000402373,40086,-3106.3,4,"ACTA2, actin, alpha 2, smooth muscle, aorta [Source:HGNC Symbol;Acc:HGNC:130]"
50,ENSP00000380908,17222,-3046.3,4,Hemoglobin subunit alpha (Hemoglobin alpha chain) (Alpha-globin). [Source:Uniprot/SWISSPROT;Acc:P69905]
51,ENSP00000380899,17243,-3046.3,4,Hemoglobin subunit alpha (Hemoglobin alpha chain) (Alpha-globin). [Source:Uniprot/SWISSPROT;Acc:P69905]
52,ENSP00000290378,50049,-3004.8,4,"ACTC1, actin, alpha, cardiac muscle 1 [Source:HGNC Symbol;Acc:HGNC:143]"
53,ENSP00000361804,7635,-2774.6,4,"SPTAN1, spectrin, alpha, non-erythrocytic 1 (alpha-fodrin)"
54,ENSP00000386929,38710,-2735.3,4,"ACTG2, actin, gamma 2, smooth muscle, enteric [Source:HGNC Symbol;Acc:HGNC:145]"
55,ENSP00000262269,23208,-2712.1,4,"MYH14, myosin, heavy chain 14, non-muscle [Source:HGNC Symbol;Acc:HGNC:23212]"
56,ENSP00000407879,20396,-2712.1,4,"MYH14, myosin, heavy chain 14, non-muscle [Source:HGNC Symbol;Acc:HGNC:23212]"
57,ENSP00000355645,47266,-2698.4,4,"ACTA1, actin, alpha 1, skeletal muscle [Source:HGNC Symbol;Acc:HGNC:129]"
58,ENSP00000414839,16737,-2684.7,4,"ACTB, actin, beta"
59,ENSP00000366169,22931,-2625.8,4,"MYH14, myosin, heavy chain 14, non-muscle [Source:HGNC Symbol;Acc:HGNC:23212]"
60,ENSP00000406273,20273,-2625.8,4,"MYH14, myosin, heavy chain 14, non-muscle [Source:HGNC Symbol;Acc:HGNC:23212]"
61,ENSP00000374373,2449,-2535.8,4,"SPTB, spectrin, beta, erythrocytic"
62,ENSP00000312351,45997,-2465.8,4,"ACTA1, actin, alpha 1, skeletal muscle [Source:HGNC Symbol;Acc:129]"
63,ENSP00000355644,46633,-2434.1,4,"ACTA1, actin, alpha 1, skeletal muscle [Source:HGNC Symbol;Acc:HGNC:129]"
64,ENSP00000355643,45106,-2388.9,4,"ACTA1, actin, alpha 1, skeletal muscle [Source:HGNC Symbol;Acc:129]"
65,ENSP00000379613,7897,-2294.9,4,"MYH11, myosin, heavy chain 11, smooth muscle"
66,ENSP00000333994,23831,-2237.1,4,"HBB, hemoglobin, beta [Source:HGNC Symbol;Acc:HGNC:4827]"
67,ENSP00000421067,3538,-2197,4,"ANK2, ankyrin 2, neuronal [Source:HGNC Symbol;Acc:HGNC:493]"
68,ENSP00000253792,18069,-2191.5,4,"ACLY, ATP citrate lyase [Source:HGNC Symbol;Acc:HGNC:115]"
69,ENSP00000378044,3710,-2187.2,4,"ANK2, ankyrin 2, neuronal [Source:HGNC Symbol;Acc:HGNC:493]"
70,ENSP00000377474,16980,-2159.9,4,"ACLY, ATP citrate lyase [Source:HGNC Symbol;Acc:HGNC:115]"
71,ENSP00000345398,17625,-2159.9,4,"ACLY, ATP citrate lyase [Source:HGNC Symbol;Acc:HGNC:115]"
72,ENSP00000300215,1877,-2115.1,4,"EPB42, erythrocyte membrane protein band 4.2 [Source:HGNC Symbol;Acc:HGNC:3381]"
73,ENSP00000396616,1815,-2073.7,4,"EPB42, erythrocyte membrane protein band 4.2 [Source:HGNC Symbol;Acc:HGNC:3381]"
74,ENSP00000382981,5559,-2022.7,4,Band 4.1-like protein 3 (4.1B) (Differentially expressed in adenocarcinoma of the lung protein 1) (DAL-1). [Source:Uniprot/SWISSPROT;Acc:Q9Y2J2]
75,ENSP00000407057,701,-1985.5,4,"ANK1, ankyrin 1, erythrocytic [Source:HGNC Symbol;Acc:492; NP_065208]"
76,ENSP00000373620,28557,-1970.8,4,"HSPD1, heat shock 60kDa protein 1 (chaperonin) [Source:HGNC Symbol;Acc:HGNC:5261]"
77,ENSP00000340019,29359,-1970.8,4,"HSPD1, heat shock 60kDa protein 1 (chaperonin) [Source:HGNC Symbol;Acc:HGNC:5261]"
78,ENSP00000367542,18342,-1957.9,4,"TPM2, tropomyosin 2 (beta) [Source:HGNC Symbol;Acc:HGNC:12011]"
79,ENSP00000299218,16730,-1912.2,4,"CAND1, cullin-associated and neddylation-dissociated 1 [Source:HGNC Symbol;Acc:30688]"
80,ENSP00000412013,682,-1910.8,4,"ANK1, ankyrin 1, erythrocytic [Source:HGNC Symbol;Acc:492; NP_065210]"
81,ENSP00000385107,16566,-1887.1,4,"TPM1, tropomyosin 1 (alpha) [Source:HGNC Symbol;Acc:HGNC:12010]"
82,ENSP00000380068,34894,-1886.8,4,Glyceraldehyde-3-phosphate dehydrogenase (EC 1.2.1.12) (GAPDH). [Source:Uniprot/SWISSPROT;Acc:P04406]
83,ENSP00000380070,34894,-1886.8,4,Glyceraldehyde-3-phosphate dehydrogenase (EC 1.2.1.12) (GAPDH). [Source:Uniprot/SWISSPROT;Acc:P04406]
84,ENSP00000229239,37801,-1886.8,4,"GAPDH, glyceraldehyde-3-phosphate dehydrogenase [Source:HGNC Symbol;Acc:HGNC:4141]"
85,ENSP00000350667,17994,-1860.5,4,"TPM1, tropomyosin 1 (alpha) [Source:HGNC Symbol;Acc:HGNC:12010]"
86,ENSP00000343158,5519,-1859.8,4,"EPB41L3, erythrocyte membrane protein band 4.1-like 3 [Source:HGNC Symbol;Acc:HGNC:3380]"
87,ENSP00000341138,5516,-1859.8,4,"EPB41L3, erythrocyte membrane protein band 4.1-like 3 [Source:HGNC Symbol;Acc:HGNC:3380]"
88,ENSP00000380067,34653,-1839.4,4,Glyceraldehyde-3-phosphate dehydrogenase (EC 1.2.1.12) (GAPDH). [Source:Uniprot/SWISSPROT;Acc:P04406]
89,ENSP00000367541,18406,-1810.6,4,"TPM2, tropomyosin 2 (beta) [Source:HGNC Symbol;Acc:HGNC:12011]"
90,ENSP00000327801,23492,-1795.8,4,"P4HB, prolyl 4-hydroxylase, beta polypeptide [Source:HGNC Symbol;Acc:HGNC:8548]"
91,ENSP00000424722,3040,-1792,4,"ANK2, ankyrin 2, neuronal [Source:HGNC Symbol;Acc:HGNC:493]"
92,ENSP00000311489,10005,-1729.9,4,"SPTBN2, spectrin, beta, non-erythrocytic 2 [Source:HGNC Symbol;Acc:HGNC:11276]"
93,ENSP00000380065,33640,-1723.8,4,Glyceraldehyde-3-phosphate dehydrogenase (EC 1.2.1.12) (GAPDH). [Source:Uniprot/SWISSPROT;Acc:P04406]
94,ENSP00000280772,5619,-1716.8,4,"ANK3, ankyrin 3, node of Ranvier (ankyrin G) [Source:HGNC Symbol;Acc:HGNC:494]"
95,ENSP00000421011,2495,-1700.4,4,"ANK2, ankyrin 2, neuronal [Source:HGNC Symbol;Acc:HGNC:493]"
96,ENSP00000354219,18432,-1674.3,4,"TPM2, tropomyosin 2 (beta) [Source:HGNC Symbol;Acc:HGNC:12011]"
97,ENSP00000374630,14835,-1658.9,4,"SPTBN1, spectrin, beta, non-erythrocytic 1 [Source:HGNC Symbol;Acc:HGNC:11275]"
98,ENSP00000319169,9825,-1597,4,"PRMT5, protein arginine methyltransferase 5 [Source:HGNC Symbol;Acc:HGNC:10894]"
99,ENSP00000267996,17353,-1592,4,"TPM1, tropomyosin 1 (alpha) [Source:HGNC Symbol;Acc:HGNC:12010]"
100,ENSP00000355330,10066,-1589.2,4,"TGM2, transglutaminase 2 [Source:HGNC Symbol;Acc:HGNC:11778]"
101,ENSP00000288398,17914,-1588,4,"TPM1, tropomyosin 1 (alpha) [Source:HGNC Symbol;Acc:HGNC:12010]"
102,ENSP00000367550,18123,-1587.3,4,"TPM2, tropomyosin 2 (beta) [Source:HGNC Symbol;Acc:HGNC:12011]"
103,ENSP00000227378,40325,-1560.6,4,"HSPA8, heat shock 70kDa protein 8 [Source:HGNC Symbol;Acc:HGNC:5241]"
104,ENSP00000351022,18143,-1525.1,4,"TPM1, tropomyosin 1 (alpha) [Source:HGNC Symbol;Acc:HGNC:12010]"
105,ENSP00000384303,2972,-1453.4,4,"ADD2, adducin 2 (beta) [Source:HGNC Symbol;Acc:HGNC:244]"
106,ENSP00000384677,2983,-1453.4,4,"ADD2, adducin 2 (beta) [Source:HGNC Symbol;Acc:HGNC:244]"
107,ENSP00000264436,3100,-1453.4,4,"ADD2, adducin 2 (beta) [Source:HGNC Symbol;Acc:HGNC:244]"
108,ENSP00000345259,6193,-1427.8,4,"EPB41, erythrocyte membrane protein band 4.1 [Source:HGNC Symbol;Acc:HGNC:3377]"
109,ENSP00000362904,6145,-1427.8,4,"EPB41, erythrocyte membrane protein band 4.1 [Source:HGNC Symbol;Acc:HGNC:3377]"
110,ENSP00000348397,6151,-1423,4,"EPB41, erythrocyte membrane protein band 4.1 [Source:HGNC Symbol;Acc:HGNC:3377]"
111,ENSP00000317597,5947,-1419.3,4,"EPB41, erythrocyte membrane protein band 4.1 [Source:HGNC Symbol;Acc:HGNC:3377]"
112,ENSP00000299300,21270,-1416.2,4,"CCT2, chaperonin containing TCP1, subunit 2 (beta) [Source:HGNC Symbol;Acc:HGNC:1615]"
113,ENSP00000216350,8686,-1403.4,4,"PRMT5, protein arginine methyltransferase 5 [Source:HGNC Symbol;Acc:HGNC:10894]"
114,ENSP00000380583,8840,-1390.2,4,Protein arginine N-methyltransferase 5 (EC 2.1.1.125) (EC 2.1.1.-) (Shk1 kinase-binding protein 1 homolog) (SKB1Hs) (Jak-binding protein 1) (72 kDa ICln-binding protein). [Source:Uniprot/SWISSPROT;Acc:O14744]
115,ENSP00000350052,38867,-1376,4,"POTEF, POTE ankyrin domain family, member F [Source:HGNC Symbol;Acc:HGNC:33905]"
116,ENSP00000386786,39194,-1376,4,"POTEF, POTE ankyrin domain family, member F [Source:HGNC Symbol;Acc:HGNC:33905]"
117,ENSP00000362906,5847,-1373.3,4,"EPB41, erythrocyte membrane protein band 4.1 [Source:HGNC Symbol;Acc:HGNC:3377]"
118,ENSP00000337168,6179,-1347.4,4,"EPB41L1, erythrocyte membrane protein band 4.1-like 1 [Source:HGNC Symbol;Acc:HGNC:3378]"
119,ENSP00000363052,6108,-1345.3,4,"EPB41L1, erythrocyte membrane protein band 4.1-like 1 [Source:HGNC Symbol;Acc:HGNC:3378]"
120,ENSP00000252172,5290,-1339.7,4,"MYH13, myosin, heavy chain 13, skeletal muscle [Source:HGNC Symbol;Acc:HGNC:7571]"
121,ENSP00000264758,9309,-1334.9,4,"ADD1, adducin 1 (alpha) [Source:HGNC Symbol;Acc:HGNC:243]"
122,ENSP00000381197,9122,-1334.9,4,Alpha-adducin (Erythrocyte adducin subunit alpha). [Source:Uniprot/SWISSPROT;Acc:P35611]
123,ENSP00000399828,8954,-1334.9,4,"ADD1, adducin 1 (alpha) [Source:HGNC Symbol;Acc:HGNC:243]"
124,ENSP00000345230,19180,-1321,4,"TPM4, tropomyosin 4 [Source:HGNC Symbol;Acc:HGNC:12013]"
125,ENSP00000380408,8389,-1295.2,4,"Myosin-9 (Myosin heavy chain 9) (Myosin heavy chain, nonmuscle IIa) (Nonmuscle myosin heavy chain IIa) (NMMHC II-a) (NMMHC-IIA) (Cellular myosin heavy chain, type A) (Nonmuscle myosin heavy chain-A) (NMMHC- A). [Source:Uniprot/SWISSPROT;Acc:P35579]"
126,ENSP00000369654,20563,-1285.9,4,"HBD, hemoglobin, delta [Source:HGNC Symbol;Acc:HGNC:4829]"
127,ENSP00000392718,35372,-1268.7,4,"POTEI, POTE ankyrin domain family, member I [Source:HGNC Symbol;Acc:HGNC:37093]"
128,ENSP00000378368,6610,-1263.2,4,"FLOT2, flotillin 2 [Source:HGNC Symbol;Acc:HGNC:3758]"
129,ENSP00000262056,10902,-1257.4,4,"EIF4B, eukaryotic translation initiation factor 4B [Source:HGNC Symbol;Acc:HGNC:3285]"
130,ENSP00000414531,3110,-1257.4,4,"EIF4B, eukaryotic translation initiation factor 4B"
131,ENSP00000404372,34571,-1248.8,4,"HSPA8, heat shock 70kDa protein 8 [Source:HGNC Symbol;Acc:HGNC:5241]"
132,ENSP00000378366,6540,-1247,4,"FLOT2, flotillin 2 [Source:HGNC Symbol;Acc:HGNC:3758]"
133,ENSP00000384819,5749,-1245.8,4,"GAPDH, glyceraldehyde-3-phosphate dehydrogenase [Source:HGNC Symbol;Acc:4141; P04406; NP_002037]"
134,ENSP00000423799,2429,-1244.1,4,"ANK2, ankyrin 2, neuronal [Source:HGNC Symbol;Acc:HGNC:493]"
135,ENSP00000421907,8737,-1244,4,"ADD1, adducin 1 (alpha) [Source:HGNC Symbol;Acc:HGNC:243]"
136,ENSP00000381193,9006,-1244,4,Alpha-adducin (Erythrocyte adducin subunit alpha). [Source:Uniprot/SWISSPROT;Acc:P35611]
137,ENSP00000381191,9016,-1244,4,Alpha-adducin (Erythrocyte adducin subunit alpha). [Source:Uniprot/SWISSPROT;Acc:P35611]
138,ENSP00000423024,8737,-1244,4,"ADD1, adducin 1 (alpha) [Source:HGNC Symbol;Acc:HGNC:243]"
139,ENSP00000348100,9061,-1243.7,4,"ADD1, adducin 1 (alpha) [Source:HGNC Symbol;Acc:HGNC:243]"
140,ENSP00000396578,1084,-1241.5,4,"EIF4B, eukaryotic translation initiation factor 4B [Source:HGNC Symbol;Acc:3285]"
141,ENSP00000425236,5262,-1241,4,"ANK3, ankyrin 3, node of Ranvier (ankyrin G) [Source:HGNC Symbol;Acc:HGNC:494]"
142,ENSP00000362933,5458,-1241,4,"ANK3, ankyrin 3, node of Ranvier (ankyrin G) [Source:HGNC Symbol;Acc:HGNC:494]"
143,ENSP00000290100,5706,-1234.6,4,"EPB41, erythrocyte membrane protein band 4.1 [Source:HGNC Symbol;Acc:HGNC:3377]"
144,ENSP00000381839,5032,-1209.6,4,Protein 4.1 (Band 4.1) (P4.1) (EPB4.1) (4.1R). [Source:Uniprot/SWISSPROT;Acc:P11171]
145,ENSP00000295688,19149,-1208.4,4,"CCT3, chaperonin containing TCP1, subunit 3 (gamma) [Source:HGNC Symbol;Acc:HGNC:1616]"
146,ENSP00000300933,20344,-1197.6,4,"TPM4, tropomyosin 4 [Source:HGNC Symbol;Acc:HGNC:12013]"
147,ENSP00000369671,21584,-1186.5,4,"HBB, hemoglobin, beta [Source:HGNC Symbol;Acc:HGNC:4827]"
148,ENSP00000394817,18433,-1182,4,"CANX, calnexin [Source:HGNC Symbol;Acc:1473]"
149,ENSP00000334624,16840,-1176.4,4,"TPM1, tropomyosin 1 (alpha) [Source:HGNC Symbol;Acc:HGNC:12010]"
150,ENSP00000247207,35404,-1170.6,4,"HSPA2, heat shock 70kDa protein 2 [Source:HGNC Symbol;Acc:HGNC:5235]"
151,ENSP00000378199,32754,-1170.6,4,"HSPA2, heat shock 70kDa protein 2 [Source:HGNC Symbol;Acc:HGNC:5235]"
152,ENSP00000399214,6097,-1169.5,4,"EPB41L1, erythrocyte membrane protein band 4.1-like 1 [Source:HGNC Symbol;Acc:HGNC:3378]"
153,ENSP00000202028,6229,-1169.5,4,"EPB41L1, erythrocyte membrane protein band 4.1-like 1 [Source:HGNC Symbol;Acc:HGNC:3378]"
154,ENSP00000317334,18728,-1168.7,4,"TCP1, t-complex 1 [Source:HGNC Symbol;Acc:HGNC:11655]"
155,ENSP00000275603,19176,-1167.5,4,"CCT6A, chaperonin containing TCP1, subunit 6A (zeta 1) [Source:HGNC Symbol;Acc:HGNC:1620]"
156,ENSP00000247461,21096,-1163.9,4,"CANX, calnexin [Source:HGNC Symbol;Acc:HGNC:1473]"
157,ENSP00000391646,18934,-1163.9,4,"CANX, calnexin [Source:HGNC Symbol;Acc:HGNC:1473]"
158,ENSP00000424063,18299,-1163.9,4,"CANX, calnexin [Source:HGNC Symbol;Acc:HGNC:1473]"
159,ENSP00000362903,5194,-1163.5,4,"EPB41, erythrocyte membrane protein band 4.1 [Source:HGNC Symbol;Acc:HGNC:3377]"
160,ENSP00000412530,10068,-1152.2,4,"EIF4B, eukaryotic translation initiation factor 4B [Source:HGNC Symbol;Acc:HGNC:3285]"
161,ENSP00000347972,2431,-1135.4,4,"ADD2, adducin 2 (beta) [Source:HGNC Symbol;Acc:HGNC:244]"
162,ENSP00000262325,14674,-1123.8,4,"AP2B1, adaptor-related protein complex 2, beta 1 subunit [Source:HGNC Symbol;Acc:563;CCDS ID:CCDS32622]"
163,ENSP00000314414,14665,-1123.8,4,"AP2B1, adaptor-related protein complex 2, beta 1 subunit [Source:HGNC Symbol;Acc:563;CCDS ID:CCDS32621]"
164,ENSP00000363061,5914,-1123,4,"EPB41L1, erythrocyte membrane protein band 4.1-like 1 [Source:HGNC Symbol;Acc:HGNC:3378]"
165,ENSP00000366164,8506,-1122,4,"MYH14, myosin, heavy chain 14, non-muscle"
166,ENSP00000416706,35322,-1118.3,4,"ACTBL2, actin, beta-like 2 [Source:HGNC Symbol;Acc:HGNC:17780]"
167,ENSP00000387176,34258,-1117,4,"POTEJ, POTE ankyrin domain family, member J [Source:HGNC Symbol;Acc:HGNC:37094]"
168,ENSP00000407473,38433,-1111.1,4,"ACTB, actin, beta [Source:HGNC Symbol;Acc:HGNC:132]"
169,ENSP00000286713,9633,-1108.4,4,"STOM, stomatin [Source:HGNC Symbol;Acc:HGNC:3383]"
170,ENSP00000377958,18062,-1106.4,4,"CCT4, chaperonin containing TCP1, subunit 4 (delta) [Source:HGNC Symbol;Acc:HGNC:1617]"
171,ENSP00000352575,3976,-1083.5,4,"INPP5D, inositol polyphosphate-5-phosphatase, 145kDa [Source:HGNC Symbol;Acc:HGNC:6079]"
172,ENSP00000404897,8172,-1083.3,4,"UBR4, ubiquitin protein ligase E3 component n-recognin 4 [Source:HGNC Symbol;Acc:HGNC:30313]"
173,ENSP00000426944,2181,-1082.6,4,"ANK2, ankyrin 2, neuronal [Source:HGNC Symbol;Acc:HGNC:493]"
174,ENSP00000258091,18681,-1080.1,4,"CCT7, chaperonin containing TCP1, subunit 7 (eta) [Source:HGNC Symbol;Acc:HGNC:1622]"
175,ENSP00000357244,18070,-1079.8,4,"CCT3, chaperonin containing TCP1, subunit 3 (gamma) [Source:HGNC Symbol;Acc:1616]"
176,ENSP00000391875,6806,-1075.5,4,"UBR4, ubiquitin protein ligase E3 component n-recognin 4 [Source:HGNC Symbol;Acc:30313]"
177,ENSP00000409264,38198,-1051.7,4,"ACTB, actin, beta [Source:HGNC Symbol;Acc:HGNC:132]"
178,ENSP00000398239,34365,-1037.2,4,"ACTA2, actin, alpha 2, smooth muscle, aorta [Source:HGNC Symbol;Acc:HGNC:130]"
179,ENSP00000396730,34365,-1037.2,4,"ACTA2, actin, alpha 2, smooth muscle, aorta [Source:HGNC Symbol;Acc:HGNC:130]"
180,ENSP00000301415,8616,-1026.1,4,"MYH14, myosin, heavy chain 14, non-muscle"
181,ENSP00000410020,34203,-1020,4,"ACTG2, actin, gamma 2, smooth muscle, enteric [Source:HGNC Symbol;Acc:HGNC:145]"
182,ENSP00000358547,3608,-1019.4,4,"MPP1, membrane protein, palmitoylated 1, 55kDa [Source:HGNC Symbol;Acc:HGNC:7219]"
183,ENSP00000271850,18939,-1016.5,4,"TPM3, tropomyosin 3 [Source:HGNC Symbol;Acc:HGNC:12012]"
184,ENSP00000414546,1804,-1014.3,4,"ADD2, adducin 2 (beta) [Source:HGNC Symbol;Acc:HGNC:244]"
185,ENSP00000384315,16257,-1013.3,4,"TPM1, tropomyosin 1 (alpha) [Source:HGNC Symbol;Acc:HGNC:12010]"
186,ENSP00000388072,2268,-1011.6,4,"ADD2, adducin 2 (beta) [Source:HGNC Symbol;Acc:HGNC:244]"
187,ENSP00000301522,21824,-1005.4,4,"PRDX2, peroxiredoxin 2 [Source:HGNC Symbol;Acc:HGNC:9353]"
188,ENSP00000351880,1707,-1005,4,"EPB41, erythrocyte membrane protein band 4.1 (elliptocytosis 1, RH-linked)"
189,ENSP00000398112,2189,-1000.5,4,"ADD2, adducin 2 (beta) [Source:HGNC Symbol;Acc:HGNC:244]"
190,ENSP00000352098,10310,-981.5,4,"CAST, calpastatin [Source:HGNC Symbol;Acc:1515]"
191,ENSP00000379158,10453,-981.5,4,"CAST, calpastatin [Source:HGNC Symbol;Acc:HGNC:1515]"
192,ENSP00000425721,10084,-981.5,4,"CAST, calpastatin [Source:HGNC Symbol;Acc:HGNC:1515]"
193,ENSP00000379157,10437,-981.5,4,"CAST, calpastatin [Source:HGNC Symbol;Acc:HGNC:1515]"
194,ENSP00000422176,10082,-981.5,4,"CAST, calpastatin [Source:HGNC Symbol;Acc:HGNC:1515]"
195,ENSP00000377165,3430,-977,4,"MPP1, membrane protein, palmitoylated 1, 55kDa [Source:HGNC Symbol;Acc:HGNC:7219]"
196,ENSP00000422677,10026,-960.4,4,"CAST, calpastatin [Source:HGNC Symbol;Acc:HGNC:1515]"
197,ENSP00000357520,20383,-958.2,4,"TPM3, tropomyosin 3 [Source:HGNC Symbol;Acc:HGNC:12012]"
198,ENSP00000357521,20850,-947.8,4,"TPM3, tropomyosin 3 [Source:HGNC Symbol;Acc:HGNC:12012]"
199,ENSP00000379178,29154,-942,4,"UBB, ubiquitin B [Source:HGNC Symbol;Acc:HGNC:12463]"
200,ENSP00000379180,29154,-942,4,"UBB, ubiquitin B [Source:HGNC Symbol;Acc:HGNC:12463]"
201,ENSP00000304697,32004,-942,4,"UBB, ubiquitin B [Source:HGNC Symbol;Acc:HGNC:12463]"
202,ENSP00000320319,10436,-939.9,4,"CAST, calpastatin [Source:HGNC Symbol;Acc:HGNC:1515]"
203,ENSP00000376008,15925,-938.1,4,"TCP1, t-complex 1 [Source:HGNC Symbol;Acc:HGNC:11655]"
204,ENSP00000376526,6847,-933.7,4,"HSPA8, heat shock 70kDa protein 8 [Source:HGNC Symbol;Acc:5241]"
205,ENSP00000363057,5854,-933.5,4,"EPB41L1, erythrocyte membrane protein band 4.1-like 1 [Source:HGNC Symbol;Acc:HGNC:3378]"
206,ENSP00000370043,8124,-932.8,4,"PRPS2, phosphoribosyl pyrophosphate synthetase 2 [Source:HGNC Symbol;Acc:HGNC:9465]"
207,ENSP00000339035,20773,-925.4,4,"TPM3, tropomyosin 3 [Source:HGNC Symbol;Acc:HGNC:12012]"
208,ENSP00000381504,7904,-919.3,4,Ribose-phosphate pyrophosphokinase II (EC 2.7.6.1) (Phosphoribosyl pyrophosphate synthetase II) (PRS-II) (PPRibP). [Source:Uniprot/SWISSPROT;Acc:P11908]
209,ENSP00000322577,16890,-918.4,4,"TPM1, tropomyosin 1 (alpha) [Source:HGNC Symbol;Acc:HGNC:12010]"
210,ENSP00000357516,16998,-916,4,"TPM3, tropomyosin 3 [Source:HGNC Symbol;Acc:HGNC:12012]"
211,ENSP00000357517,19225,-913.8,4,"TPM3, tropomyosin 3 [Source:HGNC Symbol;Acc:HGNC:12012]"
212,ENSP00000264335,25749,-912.2,4,"YWHAE, tyrosine 3-monooxygenase/tryptophan 5-monooxygenase activation protein, epsilon [Source:HGNC Symbol;Acc:HGNC:12851]"
213,ENSP00000422853,1969,-910.1,4,"ANK2, ankyrin 2, neuronal [Source:HGNC Symbol;Acc:HGNC:493]"
214,ENSP00000380582,6946,-902.8,4,Protein arginine N-methyltransferase 5 (EC 2.1.1.125) (EC 2.1.1.-) (Shk1 kinase-binding protein 1 homolog) (SKB1Hs) (Jak-binding protein 1) (72 kDa ICln-binding protein). [Source:Uniprot/SWISSPROT;Acc:O14744]
215,ENSP00000400155,3027,-899.2,4,"MPP1, membrane protein, palmitoylated 1, 55kDa [Source:HGNC Symbol;Acc:HGNC:7219]"
216,ENSP00000379283,26822,-898,4,"YWHAZ, tyrosine 3-monooxygenase/tryptophan 5-monooxygenase activation protein, zeta [Source:HGNC Symbol;Acc:HGNC:12855]"
217,ENSP00000379286,26822,-898,4,"YWHAZ, tyrosine 3-monooxygenase/tryptophan 5-monooxygenase activation protein, zeta [Source:HGNC Symbol;Acc:HGNC:12855]"
218,ENSP00000395114,25566,-898,4,"YWHAZ, tyrosine 3-monooxygenase/tryptophan 5-monooxygenase activation protein, zeta [Source:HGNC Symbol;Acc:HGNC:12855]"
219,ENSP00000379281,26822,-898,4,"YWHAZ, tyrosine 3-monooxygenase/tryptophan 5-monooxygenase activation protein, zeta [Source:HGNC Symbol;Acc:HGNC:12855]"
220,ENSP00000309503,28663,-898,4,"YWHAZ, tyrosine 3-monooxygenase/tryptophan 5-monooxygenase activation protein, zeta [Source:HGNC Symbol;Acc:HGNC:12855]"
221,ENSP00000379287,26822,-898,4,"YWHAZ, tyrosine 3-monooxygenase/tryptophan 5-monooxygenase activation protein, zeta [Source:HGNC Symbol;Acc:HGNC:12855]"
222,ENSP00000398599,25566,-898,4,"YWHAZ, tyrosine 3-monooxygenase/tryptophan 5-monooxygenase activation protein, zeta [Source:HGNC Symbol;Acc:HGNC:12855]"
223,ENSP00000379288,26822,-898,4,"YWHAZ, tyrosine 3-monooxygenase/tryptophan 5-monooxygenase activation protein, zeta [Source:HGNC Symbol;Acc:HGNC:12855]"
224,ENSP00000357518,20105,-891.5,4,"TPM3, tropomyosin 3 [Source:HGNC Symbol;Acc:HGNC:12012]"
225,ENSP00000386040,5149,-869.4,4,"ACLY, ATP citrate lyase"
226,ENSP00000344142,21685,-855.6,4,"ACTA1, actin, alpha 1, skeletal muscle"
227,ENSP00000423638,9535,-855.4,4,"CAST, calpastatin [Source:HGNC Symbol;Acc:HGNC:1515]"
228,ENSP00000312523,10014,-855.4,4,"CAST, calpastatin [Source:HGNC Symbol;Acc:HGNC:1515]"
229,ENSP00000339914,9988,-855.4,4,"CAST, calpastatin [Source:HGNC Symbol;Acc:HGNC:1515]"
230,ENSP00000421130,9457,-853.2,4,"CAST, calpastatin [Source:HGNC Symbol;Acc:HGNC:1515]"
231,ENSP00000352842,9180,-852.3,4,"PFKM, phosphofructokinase, muscle [Source:HGNC Symbol;Acc:HGNC:8877]"
232,ENSP00000220592,5265,-850.5,4,"AGO2, argonaute RISC catalytic component 2 [Source:HGNC Symbol;Acc:HGNC:3263]"
233,ENSP00000404610,3420,-842.8,4,"INPP5D, inositol polyphosphate-5-phosphatase, 145kDa [Source:HGNC Symbol;Acc:6079]"
234,ENSP00000407916,3416,-842.8,4,"INPP5D, inositol polyphosphate-5-phosphatase, 145kDa [Source:HGNC Symbol;Acc:6079]"
235,ENSP00000345771,9173,-837.4,4,"PFKM, phosphofructokinase, muscle [Source:HGNC Symbol;Acc:HGNC:8877]"
236,ENSP00000408482,27823,-823,4,"RPS27A, ribosomal protein S27a [Source:HGNC Symbol;Acc:HGNC:10417]"
237,ENSP00000426946,9383,-814.3,4,"CAST, calpastatin [Source:HGNC Symbol;Acc:HGNC:1515]"
238,ENSP00000343421,9866,-814,4,"CAST, calpastatin [Source:HGNC Symbol;Acc:HGNC:1515]"
239,ENSP00000349467,17012,-813.1,4,"CALM1, calmodulin 1 (phosphorylase kinase, delta) [Source:HGNC Symbol;Acc:HGNC:1442]"
240,ENSP00000380222,499,-805.5,4,Erythrocyte membrane protein band 4.2 (Erythrocyte protein 4.2) (P4.2). [Source:Uniprot/SWISSPROT;Acc:P16452]
241,ENSP00000250559,14912,-791.5,4,"RAP1B, RAP1B, member of RAS oncogene family [Source:HGNC Symbol;Acc:HGNC:9857]"
242,ENSP00000377085,13844,-791.5,4,"RAP1B, RAP1B, member of RAS oncogene family [Source:HGNC Symbol;Acc:HGNC:9857]"
243,ENSP00000272298,17052,-789.5,4,"CALM2, calmodulin 2 (phosphorylase kinase, delta) [Source:HGNC Symbol;Acc:HGNC:1445]"
244,ENSP00000393951,35544,-787.7,4,"ACTB, actin, beta [Source:HGNC Symbol;Acc:HGNC:132]"
245,ENSP00000373883,13420,-784.9,4,"USP5, ubiquitin specific peptidase 5 (isopeptidase T) [Source:HGNC Symbol;Acc:HGNC:12628]"
246,ENSP00000378656,8037,-781.2,4,"PFKM, phosphofructokinase, muscle [Source:HGNC Symbol;Acc:8877]"
247,ENSP00000422325,9324,-781,4,"CAST, calpastatin [Source:HGNC Symbol;Acc:HGNC:1515]"
248,ENSP00000291295,17052,-777.2,4,"CALM3, calmodulin 3 (phosphorylase kinase, delta) [Source:HGNC Symbol;Acc:HGNC:1449]"
249,ENSP00000375785,14318,-777.2,4,"CALM3, calmodulin 3 (phosphorylase kinase, delta) [Source:HGNC Symbol;Acc:HGNC:1449]"
250,ENSP00000292901,20275,-769.9,4,"HBD, hemoglobin, delta [Source:HGNC Symbol;Acc:HGNC:4829]"
251,ENSP00000229268,13479,-768.5,4,"USP5, ubiquitin specific peptidase 5 (isopeptidase T) [Source:HGNC Symbol;Acc:HGNC:12628]"
252,ENSP00000401032,34442,-764.7,4,"ACTB, actin, beta [Source:HGNC Symbol;Acc:HGNC:132]"
253,ENSP00000390159,15274,-760.5,4,"TCP1, t-complex 1 [Source:HGNC Symbol;Acc:HGNC:11655]"
254,ENSP00000372873,7628,-758.9,4,"FLOT1, flotillin 1 [Source:HGNC Symbol;Acc:HGNC:3757]"
255,ENSP00000373056,7628,-758.9,4,"FLOT1, flotillin 1 [Source:HGNC Symbol;Acc:HGNC:3757]"
256,ENSP00000391438,7226,-758.9,4,"FLOT1, flotillin 1 [Source:HGNC Symbol;Acc:HGNC:3757]"
257,ENSP00000365569,7630,-758.9,4,"FLOT1, flotillin 1 [Source:HGNC Symbol;Acc:HGNC:3757]"
258,ENSP00000388861,7226,-758.9,4,"FLOT1, flotillin 1 [Source:HGNC Symbol;Acc:HGNC:3757]"
259,ENSP00000344818,31636,-758.7,4,"UBC, ubiquitin C [Source:HGNC Symbol;Acc:HGNC:12468]"
260,ENSP00000370879,1932,-757.9,4,"DMTN, dematin actin binding protein [Source:HGNC Symbol;Acc:HGNC:3382]"
261,ENSP00000401291,1711,-757.9,4,"DMTN, dematin actin binding protein [Source:HGNC Symbol;Acc:HGNC:3382]"
262,ENSP00000425670,9115,-755,4,"CAST, calpastatin [Source:HGNC Symbol;Acc:HGNC:1515]"
263,ENSP00000341653,20605,-752.8,4,"TPM3, tropomyosin 3 [Source:HGNC Symbol;Acc:HGNC:12012]"
264,ENSP00000400151,2806,-722.6,4,"INPP5D, inositol polyphosphate-5-phosphatase, 145kDa [Source:HGNC Symbol;Acc:6079]"
265,ENSP00000397421,2806,-722.6,4,"INPP5D, inositol polyphosphate-5-phosphatase, 145kDa [Source:HGNC Symbol;Acc:HGNC:6079]"
266,ENSP00000405338,2806,-722.6,4,"INPP5D, inositol polyphosphate-5-phosphatase, 145kDa [Source:HGNC Symbol;Acc:HGNC:6079]"
267,ENSP00000395680,9560,-722.1,4,"GAPDH, glyceraldehyde-3-phosphate dehydrogenase"
268,ENSP00000410706,33367,-720.9,4,"ACTG2, actin, gamma 2, smooth muscle, enteric [Source:HGNC Symbol;Acc:HGNC:145]"
269,ENSP00000387182,33665,-720.9,4,"ACTG2, actin, gamma 2, smooth muscle, enteric [Source:HGNC Symbol;Acc:HGNC:145]"
270,ENSP00000421734,4231,-720.3,4,"POTEE, POTE ankyrin domain family, member E [Source:HGNC Symbol;Acc:33895; Q6S8J3; NP_001077007]"
271,ENSP00000354873,478,-713.5,4,"ANK2, ankyrin 2, neuronal [Source:HGNC Symbol;Acc:493; Q01484]"
272,ENSP00000399487,34522,-711,4,"ACTB, actin, beta [Source:HGNC Symbol;Acc:HGNC:132]"
273,ENSP00000339378,18351,-708.4,4,"TPM3, tropomyosin 3 [Source:HGNC Symbol;Acc:HGNC:12012]"
274,ENSP00000397904,1602,-704.1,4,"DMTN, dematin actin binding protein [Source:HGNC Symbol;Acc:HGNC:3382]"
275,ENSP00000350977,2015,-698,4,"DMTN, dematin actin binding protein [Source:HGNC Symbol;Acc:HGNC:3382]"
276,ENSP00000416111,1778,-686.1,4,"DMTN, dematin actin binding protein [Source:HGNC Symbol;Acc:HGNC:3382]"
277,ENSP00000265800,2021,-686.1,4,"DMTN, dematin actin binding protein [Source:HGNC Symbol;Acc:HGNC:3382]"
278,ENSP00000376947,13829,-685.9,4,"NAP1L1, nucleosome assembly protein 1-like 1 [Source:HGNC Symbol;Acc:HGNC:7637]"
279,ENSP00000261182,14461,-685.9,4,"NAP1L1, nucleosome assembly protein 1-like 1 [Source:HGNC Symbol;Acc:HGNC:7637]"
280,ENSP00000416293,7467,-685,4,"SLC2A1, solute carrier family 2 (facilitated glucose transporter), member 1 [Source:HGNC Symbol;Acc:HGNC:11005]"
281,ENSP00000357727,7976,-681.9,4,"S100A9, S100 calcium binding protein A9 [Source:HGNC Symbol;Acc:HGNC:10499]"
282,ENSP00000393810,17263,-680.4,4,"HBD, hemoglobin, delta [Source:HGNC Symbol;Acc:HGNC:4829]"
283,ENSP00000347409,199,-667.8,4,"KEL, Kell blood group, metallo-endopeptidase [Source:HGNC Symbol;Acc:HGNC:6308]"
284,ENSP00000412374,8796,-660.5,4,"CAST, calpastatin [Source:HGNC Symbol;Acc:HGNC:1515]"
285,ENSP00000424160,8577,-658.2,4,"CAST, calpastatin [Source:HGNC Symbol;Acc:HGNC:1515]"
286,ENSP00000323687,7396,-654.9,4,"UBE2O, ubiquitin-conjugating enzyme E2O [Source:HGNC Symbol;Acc:HGNC:29554]"
287,ENSP00000371267,22563,-652.1,4,"YWHAQ, tyrosine 3-monooxygenase/tryptophan 5-monooxygenase activation protein, theta [Source:HGNC Symbol;Acc:HGNC:12854]"
288,ENSP00000238081,23164,-652.1,4,"YWHAQ, tyrosine 3-monooxygenase/tryptophan 5-monooxygenase activation protein, theta [Source:HGNC Symbol;Acc:HGNC:12854]"
289,ENSP00000379278,23749,-650,4,"YWHAZ, tyrosine 3-monooxygenase/tryptophan 5-monooxygenase activation protein, zeta [Source:HGNC Symbol;Acc:HGNC:12855]"
290,ENSP00000410658,6635,-644.1,4,"FLOT1, flotillin 1 [Source:HGNC Symbol;Acc:HGNC:3757]"
291,ENSP00000347055,862,-638.3,4,"MYL4, myosin, light chain 4, alkali; atrial, embryonic [Source:HGNC Symbol;Acc:HGNC:7585]"
292,ENSP00000377096,802,-638.3,4,"MYL4, myosin, light chain 4, alkali; atrial, embryonic [Source:HGNC Symbol;Acc:HGNC:7585]"
293,ENSP00000361512,8365,-635.9,4,"PRPS1, phosphoribosyl pyrophosphate synthetase 1 [Source:HGNC Symbol;Acc:HGNC:9462]"
294,ENSP00000394375,6530,-630.9,4,"FLOT1, flotillin 1 [Source:HGNC Symbol;Acc:3757]"
295,ENSP00000385659,29311,-623.1,4,"RPS27A, ribosomal protein S27a [Source:HGNC Symbol;Acc:HGNC:10417]"
296,ENSP00000272317,32607,-623.1,4,"RPS27A, ribosomal protein S27a [Source:HGNC Symbol;Acc:HGNC:10417]"
297,ENSP00000388107,27691,-623.1,4,"UBA52, ubiquitin A-52 residue ribosomal protein fusion product 1 [Source:HGNC Symbol;Acc:HGNC:12458]"
298,ENSP00000396910,27691,-623.1,4,"UBA52, ubiquitin A-52 residue ribosomal protein fusion product 1 [Source:HGNC Symbol;Acc:HGNC:12458]"
299,ENSP00000383981,29311,-623.1,4,"RPS27A, ribosomal protein S27a [Source:HGNC Symbol;Acc:HGNC:10417]"
300,ENSP00000394318,11887,-616.7,4,"RAP1A, RAP1A, member of RAS oncogene family [Source:HGNC Symbol;Acc:9855;CCDS ID:CCDS840]"
301,ENSP00000348786,13925,-616.7,4,"RAP1A, RAP1A, member of RAS oncogene family [Source:HGNC Symbol;Acc:HGNC:9855]"
302,ENSP00000358723,13720,-616.7,4,"RAP1A, RAP1A, member of RAS oncogene family [Source:HGNC Symbol;Acc:HGNC:9855]"
303,ENSP00000311165,1460,-616.3,4,"AQP1, aquaporin 1 (Colton blood group) [Source:HGNC Symbol;Acc:HGNC:633]"
304,ENSP00000414047,4069,-611.3,4,"GAPDH, glyceraldehyde-3-phosphate dehydrogenase [Source:HGNC Symbol;Acc:4141]"
305,ENSP00000206451,13325,-602.8,4,"PSME1, proteasome (prosome, macropain) activator subunit 1 (PA28 alpha) [Source:HGNC Symbol;Acc:HGNC:9568]"
306,ENSP00000372155,12105,-602.8,4,"PSME1, proteasome (prosome, macropain) activator subunit 1 (PA28 alpha) [Source:HGNC Symbol;Acc:HGNC:9568]"
307,ENSP00000425787,8316,-594.7,4,"CAST, calpastatin [Source:HGNC Symbol;Acc:HGNC:1515]"
308,ENSP00000362300,4036,-590.5,4,"AGO1, argonaute RISC catalytic component 1 [Source:HGNC Symbol;Acc:HGNC:3262]"
309,ENSP00000254301,9190,-582.9,4,"LGALS3, lectin, galactoside-binding, soluble, 3 [Source:HGNC Symbol;Acc:HGNC:6563]"
310,ENSP00000222005,11494,-582.9,4,"CDC37, cell division cycle 37 [Source:HGNC Symbol;Acc:HGNC:1735]"
311,ENSP00000298852,13661,-579.4,4,"PSMC3, proteasome (prosome, macropain) 26S subunit, ATPase, 3 [Source:HGNC Symbol;Acc:HGNC:9549]"
312,ENSP00000353286,6461,-577.6,4,"ADD3, adducin 3 (gamma) [Source:HGNC Symbol;Acc:HGNC:245]"
313,ENSP00000277900,6466,-577.6,4,"ADD3, adducin 3 (gamma) [Source:HGNC Symbol;Acc:HGNC:245]"
314,ENSP00000306330,22903,-576.8,4,"YWHAG, tyrosine 3-monooxygenase/tryptophan 5-monooxygenase activation protein, gamma [Source:HGNC Symbol;Acc:HGNC:12852]"
315,ENSP00000378637,2349,-574.8,4,"TMOD1, tropomodulin 1 [Source:HGNC Symbol;Acc:HGNC:11871]"
316,ENSP00000259365,2380,-574.8,4,"TMOD1, tropomodulin 1 [Source:HGNC Symbol;Acc:HGNC:11871]"
317,ENSP00000422951,6480,-572.8,4,"CAST, calpastatin [Source:HGNC Symbol;Acc:HGNC:1515]"
318,ENSP00000340210,6843,-572.1,4,"CD59, CD59 molecule, complement regulatory protein [Source:HGNC Symbol;Acc:HGNC:1689]"
319,ENSP00000410182,6342,-572.1,4,"CD59, CD59 molecule, complement regulatory protein [Source:HGNC Symbol;Acc:HGNC:1689]"
320,ENSP00000404822,6342,-572.1,4,"CD59, CD59 molecule, complement regulatory protein [Source:HGNC Symbol;Acc:HGNC:1689]"
321,ENSP00000402425,6342,-572.1,4,"CD59, CD59 molecule, complement regulatory protein [Source:HGNC Symbol;Acc:HGNC:1689]"
322,ENSP00000379191,6480,-572.1,4,"CD59, CD59 molecule, complement regulatory protein [Source:HGNC Symbol;Acc:HGNC:1689]"
323,ENSP00000403511,6342,-572.1,4,"CD59, CD59 molecule, complement regulatory protein [Source:HGNC Symbol;Acc:HGNC:1689]"
324,ENSP00000386239,1399,-570.1,4,"TONSL, tonsoku-like, DNA repair protein [Source:HGNC Symbol;Acc:HGNC:7801]"
325,ENSP00000422207,15484,-569,4,"TPM3, tropomyosin 3 [Source:HGNC Symbol;Acc:HGNC:12012]"
326,ENSP00000361505,7607,-567.2,4,"PRPS1, phosphoribosyl pyrophosphate synthetase 1 [Source:HGNC Symbol;Acc:HGNC:9462]"
327,ENSP00000340561,747,-565.8,4,"ANK2, ankyrin 2, neuronal"
328,ENSP00000422929,8002,-563.2,4,"CAST, calpastatin [Source:HGNC Symbol;Acc:HGNC:1515]"
329,ENSP00000364318,1931,-560.5,4,"TMOD1, tropomodulin 1 [Source:HGNC Symbol;Acc:HGNC:11871]"
330,ENSP00000395059,1377,-559.9,4,"AQP1, aquaporin 1 [Source:HGNC Symbol;Acc:633]"
331,ENSP00000421315,1369,-559.9,4,Uncharacterized protein  [Source:UniProtKB/TrEMBL;Acc:K7N7A8]
332,ENSP00000409795,12403,-557.7,4,"NAP1L1, nucleosome assembly protein 1-like 1 [Source:HGNC Symbol;Acc:HGNC:7637]"
333,ENSP00000361495,7643,-553.9,4,"PRPS1, phosphoribosyl pyrophosphate synthetase 1 [Source:HGNC Symbol;Acc:HGNC:9462]"
334,ENSP00000348381,6447,-551.8,4,"ADD3, adducin 3 (gamma) [Source:HGNC Symbol;Acc:HGNC:245]"
335,ENSP00000246533,13068,-551.4,4,"CAPNS1, calpain, small subunit 1 [Source:HGNC Symbol;Acc:HGNC:1481]"
336,ENSP00000424143,6731,-551.2,4,"ADD1, adducin 1 (alpha) [Source:HGNC Symbol;Acc:HGNC:243]"
337,ENSP00000399986,11617,-549,4,"RAP1B, RAP1B, member of RAS oncogene family [Source:HGNC Symbol;Acc:HGNC:9857]"
338,ENSP00000264389,8345,-546.1,4,"COPS4, COP9 signalosome subunit 4 [Source:HGNC Symbol;Acc:HGNC:16702]"
339,ENSP00000381841,1299,-544.7,4,Protein 4.1 (Band 4.1) (P4.1) (EPB4.1) (4.1R). [Source:Uniprot/SWISSPROT;Acc:P11171]
340,ENSP00000384985,2642,-539,4,"TPM4, tropomyosin 4 [Source:HGNC Symbol;Acc:12013]"
341,ENSP00000379888,15310,-537.1,4,"RPS8, ribosomal protein S8 [Source:HGNC Symbol;Acc:HGNC:10441]"
342,ENSP00000216194,7829,-523.7,4,"ADSL, adenylosuccinate lyase [Source:HGNC Symbol;Acc:HGNC:291]"
343,ENSP00000362302,3849,-519.1,4,"AGO1, argonaute RISC catalytic component 1 [Source:HGNC Symbol;Acc:HGNC:3262]"
344,ENSP00000381837,1416,-509.8,4,Protein 4.1 (Band 4.1) (P4.1) (EPB4.1) (4.1R). [Source:Uniprot/SWISSPROT;Acc:P11171]
345,ENSP00000347436,3930,-504,4,"ANK3, ankyrin 3, node of Ranvier (ankyrin G) [Source:HGNC Symbol;Acc:HGNC:494]"
346,ENSP00000390107,6794,-495.2,4,"ADSL, adenylosuccinate lyase [Source:HGNC Symbol;Acc:291]"
347,ENSP00000412428,2113,-487.1,4,"CCT3, chaperonin containing TCP1, subunit 3 (gamma) [Source:HGNC Symbol;Acc:1616]"
348,ENSP00000334063,15458,-484.1,4,"PRDX2, peroxiredoxin 2 [Source:HGNC Symbol;Acc:HGNC:9353]"
349,ENSP00000280377,6883,-481,4,"USP15, ubiquitin specific peptidase 15 [Source:HGNC Symbol;Acc:HGNC:12613]"
350,ENSP00000424791,7629,-478,4,"COPS4, COP9 signalosome subunit 4 [Source:HGNC Symbol;Acc:HGNC:16702]"
351,ENSP00000249071,10274,-477,4,"RAC2, ras-related C3 botulinum toxin substrate 2 (rho family, small GTP binding protein Rac2) [Source:HGNC Symbol;Acc:HGNC:9802]"
352,ENSP00000396741,9388,-474.6,4,"RAP1A, RAP1A, member of RAS oncogene family [Source:HGNC Symbol;Acc:HGNC:9855]"
353,ENSP00000376299,18261,-470.8,4,"RPLP0, ribosomal protein, large, P0 [Source:HGNC Symbol;Acc:HGNC:10371]"
354,ENSP00000339027,19568,-470.8,4,"RPLP0, ribosomal protein, large, P0 [Source:HGNC Symbol;Acc:HGNC:10371]"
355,ENSP00000370864,610,-469.9,4,"EPB49, erythrocyte membrane protein band 4.9 (dematin)"
356,ENSP00000400615,4952,-459.2,4,"FLOT1, flotillin 1 [Source:HGNC Symbol;Acc:HGNC:3757]"
357,ENSP00000416413,4952,-459.2,4,"FLOT1, flotillin 1 [Source:HGNC Symbol;Acc:HGNC:3757]"
358,ENSP00000393741,4952,-459.2,4,"FLOT1, flotillin 1 [Source:HGNC Symbol;Acc:HGNC:3757]"
359,ENSP00000411030,4952,-459.2,4,"FLOT1, flotillin 1 [Source:HGNC Symbol;Acc:HGNC:3757]"
360,ENSP00000393409,4952,-459.2,4,"FLOT1, flotillin 1 [Source:HGNC Symbol;Acc:HGNC:3757]"
361,ENSP00000415104,4889,-457.5,4,"FLOT1, flotillin 1 [Source:HGNC Symbol;Acc:HGNC:3757]"
362,ENSP00000388032,4889,-457.5,4,"FLOT1, flotillin 1 [Source:HGNC Symbol;Acc:HGNC:3757]"
363,ENSP00000395333,4889,-457.5,4,"FLOT1, flotillin 1 [Source:HGNC Symbol;Acc:HGNC:3757]"
364,ENSP00000395846,4889,-457.5,4,"FLOT1, flotillin 1 [Source:HGNC Symbol;Acc:HGNC:3757]"
365,ENSP00000415094,4889,-457.5,4,"FLOT1, flotillin 1 [Source:HGNC Symbol;Acc:HGNC:3757]"
366,ENSP00000416355,4889,-457.5,4,"FLOT1, flotillin 1 [Source:HGNC Symbol;Acc:HGNC:3757]"
367,ENSP00000361283,15697,-456.8,4,"RPS8, ribosomal protein S8 [Source:HGNC Symbol;Acc:HGNC:10441]"
368,ENSP00000258123,6442,-456.7,4,"USP15, ubiquitin specific peptidase 15 [Source:HGNC Symbol;Acc:HGNC:12613]"
369,ENSP00000278505,4356,-456.3,4,"ENDOD1, endonuclease domain containing 1 [Source:HGNC Symbol;Acc:HGNC:29129]"
370,ENSP00000403491,16029,-455.7,4,"CALM1, calmodulin 1 (phosphorylase kinase, delta) [Source:HGNC Symbol;Acc:HGNC:1442]"
371,ENSP00000341429,7016,-454.4,4,"ADSL, adenylosuccinate lyase [Source:HGNC Symbol;Acc:HGNC:291]"
372,ENSP00000414017,3919,-451.2,4,"RAP1B, RAP1B, member of RAS oncogene family"
373,ENSP00000385590,8651,-447,4,"RAC2, ras-related C3 botulinum toxin substrate 2 (rho family, small GTP binding protein Rac2) [Source:HGNC Symbol;Acc:HGNC:9802]"
374,ENSP00000385270,8626,-447,4,"RAC2, ras-related C3 botulinum toxin substrate 2 (rho family, small GTP binding protein Rac2) [Source:HGNC Symbol;Acc:HGNC:9802]"
375,ENSP00000354003,704,-446.4,4,"GYPA, glycophorin A (MNS blood group) [Source:HGNC Symbol;Acc:HGNC:4702]"
376,ENSP00000324483,705,-446.4,4,"GYPA, glycophorin A (MNS blood group) [Source:HGNC Symbol;Acc:HGNC:4702]"
377,ENSP00000413959,428,-444.7,4,"ANK2, ankyrin 2, neuronal"
378,ENSP00000377264,6151,-443.6,4,"USP15, ubiquitin specific peptidase 15 [Source:HGNC Symbol;Acc:12613]"
379,ENSP00000403778,8472,-441.8,4,"RAC2, ras-related C3 botulinum toxin substrate 2 (rho family, small GTP binding protein Rac2) [Source:HGNC Symbol;Acc:HGNC:9802]"
380,ENSP00000412357,1025,-440.5,4,"ADD2, adducin 2 (beta) [Source:HGNC Symbol;Acc:HGNC:244]"
381,ENSP00000413308,12177,-440.2,4,"CCT3, chaperonin containing TCP1, subunit 3 (gamma) [Source:HGNC Symbol;Acc:HGNC:1616]"
382,ENSP00000263273,8033,-439.3,4,"NUCB1, nucleobindin 1 [Source:HGNC Symbol;Acc:8043;CCDS ID:CCDS12740]"
383,ENSP00000385923,8106,-439.3,4,"NUCB1, nucleobindin 1 [Source:HGNC Symbol;Acc:HGNC:8043]"
384,ENSP00000385211,8106,-439.3,4,"NUCB1, nucleobindin 1 [Source:HGNC Symbol;Acc:HGNC:8043]"
385,ENSP00000369722,3082,-437.2,4,"TPM1, tropomyosin 1 (alpha) [Source:HGNC Symbol;Acc:12010]"
386,ENSP00000339607,7127,-436.4,4,"STOM, stomatin [Source:HGNC Symbol;Acc:HGNC:3383]"
387,ENSP00000216802,11990,-432.4,4,"PSME2, proteasome (prosome, macropain) activator subunit 2 (PA28 beta) [Source:HGNC Symbol;Acc:HGNC:9569]"
388,ENSP00000366471,18620,-430.1,4,"RPLP0, ribosomal protein, large, P0 [Source:HGNC Symbol;Acc:HGNC:10371]"
389,ENSP00000362287,3372,-428.1,4,"AGO3, argonaute RISC catalytic component 3 [Source:HGNC Symbol;Acc:HGNC:18421]"
390,ENSP00000404341,3560,-428,4,"EPB41L1, erythrocyte membrane protein band 4.1-like 1 [Source:HGNC Symbol;Acc:HGNC:3378]"
391,ENSP00000425193,656,-426.5,4,"GYPA, glycophorin A (MNS blood group) [Source:HGNC Symbol;Acc:HGNC:4702]"
392,ENSP00000425549,656,-426.5,4,"GYPA, glycophorin A (MNS blood group) [Source:HGNC Symbol;Acc:HGNC:4702]"
393,ENSP00000424655,7536,-415.9,4,"COPS4, COP9 signalosome subunit 4 [Source:HGNC Symbol;Acc:HGNC:16702]"
394,ENSP00000361579,2324,-413.7,4,"SLC2A1, solute carrier family 2 (facilitated glucose transporter), member 1"
395,ENSP00000418776,4753,-412.7,4,"PRPS2, phosphoribosyl pyrophosphate synthetase 2 [Source:HGNC Symbol;Acc:9465]"
396,ENSP00000418911,5060,-412.7,4,"PRPS2, phosphoribosyl pyrophosphate synthetase 2 [Source:HGNC Symbol;Acc:HGNC:9465]"
397,ENSP00000411440,14461,-406.7,4,"CALM2, calmodulin 2 (phosphorylase kinase, delta) [Source:HGNC Symbol;Acc:HGNC:1445]"
398,ENSP00000425976,7279,-404,4,"COPS4, COP9 signalosome subunit 4 [Source:HGNC Symbol;Acc:HGNC:16702]"
399,ENSP00000258737,11100,-402.2,4,"RAC1, ras-related C3 botulinum toxin substrate 1 (rho family, small GTP binding protein Rac1) [Source:HGNC Symbol;Acc:HGNC:9801]"
400,ENSP00000405698,1305,-400.6,4,"AQP1, aquaporin 1 (Colton blood group) [Source:HGNC Symbol;Acc:HGNC:633]"
401,ENSP00000386712,1304,-400.6,4,"AQP1, aquaporin 1 (Colton blood group) [Source:HGNC Symbol;Acc:HGNC:633]"
402,ENSP00000387178,1303,-400.6,4,"AQP1, aquaporin 1 (Colton blood group) [Source:HGNC Symbol;Acc:HGNC:633]"
403,ENSP00000381828,552,-400.5,4,Protein 4.1 (Band 4.1) (P4.1) (EPB4.1) (4.1R). [Source:Uniprot/SWISSPROT;Acc:P11171]
404,ENSP00000355359,1306,-399.9,4,"CAST, calpastatin [Source:HGNC Symbol;Acc:1515; P20810]"
405,ENSP00000424595,5871,-397.7,4,"PRPS1L1, phosphoribosyl pyrophosphate synthetase 1-like 1 [Source:HGNC Symbol;Acc:HGNC:9463]"
406,ENSP00000387065,14512,-395.1,4,"CALM2, calmodulin 2 (phosphorylase kinase, delta) [Source:HGNC Symbol;Acc:HGNC:1445]"
407,ENSP00000403047,1634,-393.8,4,"SPTBN2, spectrin, beta, non-erythrocytic 2"
408,ENSP00000365757,5178,-391.3,4,"PIP4K2A, phosphatidylinositol-5-phosphate 4-kinase, type II, alpha [Source:HGNC Symbol;Acc:HGNC:8997]"
409,ENSP00000367559,3310,-389.9,4,"TPM2, tropomyosin 2 (beta) [Source:HGNC Symbol;Acc:12011]"
410,ENSP00000403627,4825,-386.8,4,"FLOT1, flotillin 1 [Source:HGNC Symbol;Acc:HGNC:3757]"
411,ENSP00000413293,4825,-386.8,4,"FLOT1, flotillin 1 [Source:HGNC Symbol;Acc:HGNC:3757]"
412,ENSP00000398834,4825,-386.8,4,"FLOT1, flotillin 1 [Source:HGNC Symbol;Acc:HGNC:3757]"
413,ENSP00000395732,4825,-386.8,4,"FLOT1, flotillin 1 [Source:HGNC Symbol;Acc:HGNC:3757]"
414,ENSP00000390961,4825,-386.8,4,"FLOT1, flotillin 1 [Source:HGNC Symbol;Acc:HGNC:3757]"
415,ENSP00000261596,1201,-381.7,4,"LPIN2, lipin 2 [Source:HGNC Symbol;Acc:HGNC:14450]"
416,ENSP00000348461,11061,-379.6,4,"RAC1, ras-related C3 botulinum toxin substrate 1 (rho family, small GTP binding protein Rac1) [Source:HGNC Symbol;Acc:HGNC:9801]"
417,ENSP00000426130,655,-379.5,4,"GYPA, glycophorin A (MNS blood group) [Source:HGNC Symbol;Acc:HGNC:4702]"
418,ENSP00000408139,2748,-377.6,4,"PRDX2, peroxiredoxin 2 [Source:HGNC Symbol;Acc:9353]"
419,ENSP00000387286,16058,-376.2,4,"RAB1A, RAB1A, member RAS oncogene family [Source:HGNC Symbol;Acc:HGNC:9758]"
420,ENSP00000310226,17958,-375.1,4,"RAB1B, RAB1B, member RAS oncogene family [Source:HGNC Symbol;Acc:HGNC:18370]"
421,ENSP00000396558,4848,-374.7,4,"CAST, calpastatin [Source:HGNC Symbol;Acc:HGNC:1515]"
422,ENSP00000327191,8694,-370.6,4,"CCT6B, chaperonin containing TCP1, subunit 6B (zeta 2) [Source:HGNC Symbol;Acc:HGNC:1621]"
423,ENSP00000421243,655,-367.3,4,"GYPA, glycophorin A (MNS blood group) [Source:HGNC Symbol;Acc:HGNC:4702]"
424,ENSP00000421918,2685,-367.1,4,"ADD1, adducin 1 (alpha) [Source:HGNC Symbol;Acc:HGNC:243]"
425,ENSP00000278559,1426,-365.8,4,"CAPN5, calpain 5 [Source:HGNC Symbol;Acc:HGNC:1482]"
426,ENSP00000409996,1375,-365.8,4,"CAPN5, calpain 5 [Source:HGNC Symbol;Acc:HGNC:1482]"
427,ENSP00000354087,264,-365.8,4,"CAPN5, calpain 5"
428,ENSP00000332706,5334,-364.3,4,"PURA, purine-rich element binding protein A [Source:HGNC Symbol;Acc:HGNC:9701]"
429,ENSP00000410888,2281,-362.6,4,"MPP1, membrane protein, palmitoylated 1, 55kDa [Source:HGNC Symbol;Acc:HGNC:7219]"
430,ENSP00000361595,225,-361.3,4,"ERMAP, erythroblast membrane-associated protein (Scianna blood group) [Source:HGNC Symbol;Acc:HGNC:15743]"
431,ENSP00000361592,225,-361.3,4,"ERMAP, erythroblast membrane-associated protein (Scianna blood group) [Source:HGNC Symbol;Acc:HGNC:15743]"
432,ENSP00000380214,2408,-352.9,4,"Solute carrier family 2, facilitated glucose transporter member 1 (Glucose transporter type 1, erythrocyte/brain) (GLUT-1) (HepG2 glucose transporter). [Source:Uniprot/SWISSPROT;Acc:P11166]"
433,ENSP00000400882,3389,-352.8,4,"CAPNS2, calpain, small subunit 2 [Source:HGNC Symbol;Acc:HGNC:16371]"
434,ENSP00000392894,26835,-351.6,4,"ACTG2, actin, gamma 2, smooth muscle, enteric [Source:HGNC Symbol;Acc:HGNC:145]"
435,ENSP00000398044,7607,-346.9,4,"CCT6B, chaperonin containing TCP1, subunit 6B (zeta 2) [Source:HGNC Symbol;Acc:HGNC:1621]"
436,ENSP00000392736,3976,-346.3,4,"FLOT1, flotillin 1 [Source:HGNC Symbol;Acc:HGNC:3757]"
437,ENSP00000377163,2384,-339.3,4,"MPP1, membrane protein, palmitoylated 1, 55kDa [Source:HGNC Symbol;Acc:HGNC:7219]"
438,ENSP00000412484,4166,-332.3,4,"FLOT1, flotillin 1 [Source:HGNC Symbol;Acc:HGNC:3757]"
439,ENSP00000409375,4166,-332.3,4,"FLOT1, flotillin 1 [Source:HGNC Symbol;Acc:HGNC:3757]"
440,ENSP00000399313,4166,-332.3,4,"FLOT1, flotillin 1 [Source:HGNC Symbol;Acc:HGNC:3757]"
441,ENSP00000390747,4166,-332.3,4,"FLOT1, flotillin 1 [Source:HGNC Symbol;Acc:HGNC:3757]"
442,ENSP00000391341,4166,-332.3,4,"FLOT1, flotillin 1 [Source:HGNC Symbol;Acc:HGNC:3757]"
443,ENSP00000403917,4175,-332.3,4,"FLOT1, flotillin 1 [Source:HGNC Symbol;Acc:HGNC:3757]"
444,ENSP00000390909,4175,-332.3,4,"FLOT1, flotillin 1 [Source:HGNC Symbol;Acc:HGNC:3757]"
445,ENSP00000403273,4166,-332.3,4,"FLOT1, flotillin 1 [Source:HGNC Symbol;Acc:HGNC:3757]"
446,ENSP00000409995,4175,-332.3,4,"FLOT1, flotillin 1 [Source:HGNC Symbol;Acc:HGNC:3757]"
447,ENSP00000355599,6761,-329,4,"TSNAX, translin-associated factor X [Source:HGNC Symbol;Acc:HGNC:12380]"
448,ENSP00000246314,3087,-327.5,4,"AGO3, argonaute RISC catalytic component 3 [Source:HGNC Symbol;Acc:HGNC:18421]"
449,ENSP00000347655,1778,-323.2,4,"GRK6, G protein-coupled receptor kinase 6 [Source:HGNC Symbol;Acc:HGNC:4545]"
450,ENSP00000348230,1747,-323.2,4,"GRK6, G protein-coupled receptor kinase 6 [Source:HGNC Symbol;Acc:HGNC:4545]"
451,ENSP00000254770,4605,-320.3,4,"LANCL2, LanC lantibiotic synthetase component C-like 2 (bacterial) [Source:HGNC Symbol;Acc:HGNC:6509]"
452,ENSP00000407375,6075,-317.9,4,"GPX1, glutathione peroxidase 1 [Source:HGNC Symbol;Acc:HGNC:4553]"
453,ENSP00000413431,7880,-317.8,4,"CCT3, chaperonin containing TCP1, subunit 3 (gamma) [Source:HGNC Symbol;Acc:HGNC:1616]"
454,ENSP00000294413,456,-316.2,4,"RHCE, Rh blood group, CcEe antigens [Source:HGNC Symbol;Acc:HGNC:10008]"
455,ENSP00000348971,656,-313.5,4,"ADD2, adducin 2 (beta)"
456,ENSP00000395521,4987,-309.9,4,"SLC2A1, solute carrier family 2 (facilitated glucose transporter), member 1 [Source:HGNC Symbol;Acc:HGNC:11005]"
457,ENSP00000422274,1722,-306.6,4,"ANK3, ankyrin 3, node of Ranvier (ankyrin G) [Source:HGNC Symbol;Acc:494]"
458,ENSP00000389138,3921,-305.4,4,"FLOT1, flotillin 1 [Source:HGNC Symbol;Acc:HGNC:3757]"
459,ENSP00000412058,3921,-305.4,4,"FLOT1, flotillin 1 [Source:HGNC Symbol;Acc:HGNC:3757]"
460,ENSP00000392683,3921,-305.4,4,"FLOT1, flotillin 1 [Source:HGNC Symbol;Acc:HGNC:3757]"
461,ENSP00000391633,3921,-305.4,4,"FLOT1, flotillin 1 [Source:HGNC Symbol;Acc:HGNC:3757]"
462,ENSP00000396247,3921,-305.4,4,"FLOT1, flotillin 1 [Source:HGNC Symbol;Acc:HGNC:3757]"
463,ENSP00000407122,3921,-305.4,4,"FLOT1, flotillin 1 [Source:HGNC Symbol;Acc:HGNC:3757]"
464,ENSP00000348546,14712,-303.8,4,"RAB1A, RAB1A, member RAS oncogene family [Source:HGNC Symbol;Acc:9758]"
465,ENSP00000215957,3195,-303.6,4,"MICALL1, MICAL-like 1 [Source:HGNC Symbol;Acc:HGNC:29804]"
466,ENSP00000399607,944,-301.1,4,"RAC1, ras-related C3 botulinum toxin substrate 1 (rho family, small GTP binding protein Rac1) [Source:HGNC Symbol;Acc:9801]"
467,ENSP00000415215,4783,-301,4,"FLOT1, flotillin 1 [Source:HGNC Symbol;Acc:HGNC:3757]"
468,ENSP00000390645,6859,-299.6,4,"YWHAG, tyrosine 3-monooxygenase/tryptophan 5-monooxygenase activation protein, gamma polypeptide"
469,ENSP00000264710,16981,-297.2,4,"RAB10, RAB10, member RAS oncogene family [Source:HGNC Symbol;Acc:HGNC:9759]"
470,ENSP00000409482,5312,-296.8,4,"PRMT5, protein arginine methyltransferase 5 [Source:HGNC Symbol;Acc:HGNC:10894]"
471,ENSP00000346046,11951,-294.5,4,"RPS17, ribosomal protein S17 [Source:HGNC Symbol;Acc:HGNC:10397]"
472,ENSP00000346045,11557,-294.5,4,"RPS17, ribosomal protein S17 [Source:HGNC Symbol;Acc:10397;CCDS ID:CCDS10320]"
473,ENSP00000311185,452,-294.2,4,"RHCE, Rh blood group, CcEe antigens [Source:HGNC Symbol;Acc:HGNC:10008]"
474,ENSP00000363472,448,-294.2,4,"RHCE, Rh blood group, CcEe antigens [Source:HGNC Symbol;Acc:HGNC:10008]"
475,ENSP00000421531,879,-291.3,4,"CAST, calpastatin [Source:HGNC Symbol;Acc:1515]"
476,ENSP00000381192,2001,-286.6,4,Alpha-adducin (Erythrocyte adducin subunit alpha). [Source:Uniprot/SWISSPROT;Acc:P35611]
477,ENSP00000283095,982,-281.7,4,"CAST, calpastatin [Source:HGNC Symbol;Acc:1515]"
478,ENSP00000332439,220,-278.6,4,"ERMAP, erythroblast membrane-associated protein (Scianna blood group) [Source:HGNC Symbol;Acc:HGNC:15743]"
479,ENSP00000414858,251,-277.5,4,"ACHE, acetylcholinesterase (Yt blood group) [Source:HGNC Symbol;Acc:HGNC:108]"
480,ENSP00000303211,261,-277.5,4,"ACHE, acetylcholinesterase (Yt blood group) [Source:HGNC Symbol;Acc:HGNC:108]"
481,ENSP00000404865,244,-277.5,4,"ACHE, acetylcholinesterase (Yt blood group) [Source:HGNC Symbol;Acc:HGNC:108]"
482,ENSP00000394976,251,-277.5,4,"ACHE, acetylcholinesterase (Yt blood group) [Source:HGNC Symbol;Acc:HGNC:108]"
483,ENSP00000241069,269,-277.5,4,"ACHE, acetylcholinesterase (Yt blood group) [Source:HGNC Symbol;Acc:HGNC:108]"
484,ENSP00000389007,5550,-276.9,4,"NUCB1, nucleobindin 1 [Source:HGNC Symbol;Acc:HGNC:8043]"
485,ENSP00000386672,14171,-276.5,4,"RAB1A, RAB1A, member RAS oncogene family [Source:HGNC Symbol;Acc:HGNC:9758]"
486,ENSP00000398866,3814,-274.7,4,"FLOT1, flotillin 1 [Source:HGNC Symbol;Acc:HGNC:3757]"
487,ENSP00000391701,1863,-274,4,"MPP1, membrane protein, palmitoylated 1, 55kDa [Source:HGNC Symbol;Acc:HGNC:7219]"
488,ENSP00000377204,1726,-273.3,4,"GRK6, G protein-coupled receptor kinase 6 [Source:HGNC Symbol;Acc:HGNC:4545]"
489,ENSP00000378711,983,-266.3,4,"ANK3, ankyrin 3, node of Ranvier (ankyrin G)"
490,ENSP00000363056,2933,-266.1,4,"EPB41L1, erythrocyte membrane protein band 4.1-like 1 [Source:HGNC Symbol;Acc:HGNC:3378]"
491,ENSP00000377642,5575,-265.6,4,"RAB1B, RAB1B, member RAS oncogene family"
492,ENSP00000427581,1164,-263.3,4,"GRK6, G protein-coupled receptor kinase 6 [Source:HGNC Symbol;Acc:HGNC:4545]"
493,ENSP00000389734,5754,-260.7,4,"NUCB1, nucleobindin 1 [Source:HGNC Symbol;Acc:HGNC:8043]"
494,ENSP00000367196,3507,-260.7,4,"GLIPR2, GLI pathogenesis-related 2 [Source:HGNC Symbol;Acc:HGNC:18007]"
495,ENSP00000358544,670,-257.8,4,"MPP1, membrane protein, palmitoylated 1, 55kDa [Source:HGNC Symbol;Acc:HGNC:7219]"
496,ENSP00000412681,663,-249.7,4,"ADD2, adducin 2 (beta) [Source:HGNC Symbol;Acc:HGNC:244]"
497,ENSP00000426700,3695,-241.8,4,"ADD1, adducin 1 (alpha) [Source:HGNC Symbol;Acc:HGNC:243]"
498,ENSP00000386451,13680,-241.4,4,"RAB1A, RAB1A, member RAS oncogene family [Source:HGNC Symbol;Acc:HGNC:9758]"
499,ENSP00000362306,2451,-235.1,4,"AGO4, argonaute RISC catalytic component 4 [Source:HGNC Symbol;Acc:HGNC:18424]"
500,ENSP00000251287,155,-234.6,4,"HCN2, hyperpolarization activated cyclic nucleotide-gated potassium channel 2 [Source:HGNC Symbol;Acc:HGNC:4846]"
501,ENSP00000416650,1276,-232.9,4,"PSME2, proteasome (prosome, macropain) activator subunit 2 (PA28 beta) [Source:HGNC Symbol;Acc:9569]"
502,ENSP00000380090,1487,-232.9,4,Proteasome activator complex subunit 2 (Proteasome activator 28- subunit beta) (PA28beta) (PA28b) (Activator of multicatalytic protease subunit 2) (11S regulator complex subunit beta) (REG-beta). [Source:Uniprot/SWISSPROT;Acc:Q9UL46]
503,ENSP00000300784,2135,-232.3,4,"FN3K, fructosamine 3 kinase [Source:HGNC Symbol;Acc:HGNC:24822]"
504,ENSP00000303991,6005,-230.8,4,"UBXN1, UBX domain protein 1 [Source:HGNC Symbol;Acc:HGNC:18402]"
505,ENSP00000260638,12444,-225.6,4,"RAB1A, RAB1A, member RAS oncogene family [Source:HGNC Symbol;Acc:9758]"
506,ENSP00000326294,3342,-219.7,4,"PIP4K2A, phosphatidylinositol-5-phosphate 4-kinase, type II, alpha [Source:HGNC Symbol;Acc:HGNC:8997]"
507,ENSP00000378370,457,-219.4,4,"FLOT2, flotillin 2 [Source:HGNC Symbol;Acc:3758]"
508,ENSP00000414726,424,-217.7,4,Flotillin-1  [Source:UniProtKB/Swiss-Prot;Acc:O75955]
509,ENSP00000395430,424,-217.7,4,Flotillin-1  [Source:UniProtKB/Swiss-Prot;Acc:O75955]
510,ENSP00000392079,424,-217.7,4,Flotillin-1  [Source:UniProtKB/Swiss-Prot;Acc:O75955]
511,ENSP00000406637,424,-217.7,4,"FLOT1, flotillin 1 [Source:HGNC Symbol;Acc:3757]"
512,ENSP00000294119,5717,-217.4,4,"UBXN1, UBX domain protein 1 [Source:HGNC Symbol;Acc:HGNC:18402]"
513,ENSP00000264439,380,-215.6,4,"ADD2, adducin 2 (beta)"
514,ENSP00000408905,6864,-212.8,4,"PRDX2, peroxiredoxin 2 [Source:HGNC Symbol;Acc:9353]"
515,ENSP00000379051,5186,-212.7,4,"PURB, purine-rich element binding protein B [Source:HGNC Symbol;Acc:HGNC:9702]"
516,ENSP00000378707,766,-207.9,4,"ANK3, ankyrin 3, node of Ranvier (ankyrin G)"
517,ENSP00000378715,845,-207.9,4,"ANK3, ankyrin 3, node of Ranvier (ankyrin G)"
518,ENSP00000426011,1189,-207.1,4,"ANK3, ankyrin 3, node of Ranvier (ankyrin G) [Source:HGNC Symbol;Acc:HGNC:494]"
519,ENSP00000365565,478,-205,4,Flotillin-1  [Source:UniProtKB/Swiss-Prot;Acc:O75955]
520,ENSP00000393145,3024,-204.6,4,"FLOT1, flotillin 1 [Source:HGNC Symbol;Acc:HGNC:3757]"
521,ENSP00000397108,3017,-204.6,4,"FLOT1, flotillin 1 [Source:HGNC Symbol;Acc:HGNC:3757]"
522,ENSP00000388517,3026,-204.6,4,"FLOT1, flotillin 1 [Source:HGNC Symbol;Acc:HGNC:3757]"
523,ENSP00000349354,1080,-199.9,4,"GYPC, glycophorin C (Gerbich blood group) [Source:HGNC Symbol;Acc:HGNC:4704]"
524,ENSP00000386904,852,-199.9,4,"GYPC, glycophorin C (Gerbich blood group) [Source:HGNC Symbol;Acc:HGNC:4704]"
525,ENSP00000259254,1084,-199.9,4,"GYPC, glycophorin C (Gerbich blood group) [Source:HGNC Symbol;Acc:HGNC:4704]"
526,ENSP00000380482,1181,-198.7,4,Band 4.1-like protein 1 (Neuronal protein 4.1) (4.1N). [Source:Uniprot/SWISSPROT;Acc:Q9H4G0]
527,ENSP00000408225,749,-198.2,4,
528,ENSP00000377223,233,-196.8,4,"SLC4A1, solute carrier family 4, anion exchanger, member 1 (erythrocyte membrane protein band 3, Diego blood group) [Source:HGNC Symbol;Acc:11027]"
529,ENSP00000393767,3278,-192.1,4,"FLOT1, flotillin 1 [Source:HGNC Symbol;Acc:HGNC:3757]"
530,ENSP00000408675,740,-187.1,4,"STOM, stomatin [Source:HGNC Symbol;Acc:3383]"
531,ENSP00000391080,2062,-186.6,4,"CALM3, calmodulin 3 (phosphorylase kinase, delta) [Source:HGNC Symbol;Acc:1449]"
532,ENSP00000381540,11817,-184.3,4,Ras-related protein Rab-1A (YPT1-related protein). [Source:Uniprot/SWISSPROT;Acc:P62820]
533,ENSP00000357245,2148,-184.1,4,"CCT3, chaperonin containing TCP1, subunit 3 (gamma) [Source:HGNC Symbol;Acc:HGNC:1616]"
534,ENSP00000416275,446,-176.6,4,"RHCE, Rh blood group, CcEe antigens [Source:HGNC Symbol;Acc:10008]"
535,ENSP00000408227,830,-169.6,4,"ANK3, ankyrin 3, node of Ranvier (ankyrin G)"
536,ENSP00000344485,454,-167.8,4,"RHCE, Rh blood group, CcEe antigens [Source:HGNC Symbol;Acc:HGNC:10008]"
537,ENSP00000416539,216,-167,4,"ADD2, adducin 2 (beta) [Source:HGNC Symbol;Acc:244; NP_059516]"
538,ENSP00000425703,2549,-160.9,4,"ADD1, adducin 1 (alpha) [Source:HGNC Symbol;Acc:HGNC:243]"
539,ENSP00000331871,461,-158.4,4,"RHD, Rh blood group, D antigen [Source:HGNC Symbol;Acc:HGNC:10009]"
540,ENSP00000426521,9733,-155.2,4,"TPM3, tropomyosin 3 [Source:HGNC Symbol;Acc:HGNC:12012]"
541,ENSP00000306419,18,-151.1,4,"GYPA, glycophorin A (MNS blood group) [Source:HGNC Symbol;Acc:4702]"
542,ENSP00000375651,2892,-146.2,4,"MYADM, myeloid-associated differentiation marker [Source:HGNC Symbol;Acc:HGNC:7544]"
543,ENSP00000375648,2892,-146.2,4,"MYADM, myeloid-associated differentiation marker [Source:HGNC Symbol;Acc:HGNC:7544]"
544,ENSP00000337222,3069,-146.2,4,"MYADM, myeloid-associated differentiation marker [Source:HGNC Symbol;Acc:HGNC:7544]"
545,ENSP00000375649,2892,-146.2,4,"MYADM, myeloid-associated differentiation marker [Source:HGNC Symbol;Acc:HGNC:7544]"
546,ENSP00000375650,2892,-146.2,4,"MYADM, myeloid-associated differentiation marker [Source:HGNC Symbol;Acc:HGNC:7544]"
547,ENSP00000397179,277,-145.2,4,"AQP1, aquaporin 1 (Colton blood group)"
548,ENSP00000421055,446,-144.7,4,"GRK6, G protein-coupled receptor kinase 6 [Source:HGNC Symbol;Acc:HGNC:4545]"
549,ENSP00000358853,1927,-141.7,4,"SH3BGRL2, SH3 domain binding glutamate-rich protein like 2 [Source:HGNC Symbol;Acc:HGNC:15567]"
550,ENSP00000367195,3116,-141.1,4,"GLIPR2, GLI pathogenesis-related 2 [Source:HGNC Symbol;Acc:HGNC:18007]"
551,ENSP00000386024,317,-135.4,4,"EPB41L1, erythrocyte membrane protein band 4.1-like 1 [Source:HGNC Symbol;Acc:3378]"
552,ENSP00000350150,194,-133.3,4,"RHD, Rh blood group, D antigen [Source:HGNC Symbol;Acc:HGNC:10009]"
553,ENSP00000410039,929,-131.2,4,"PSME1, proteasome (prosome, macropain) activator subunit 1 (PA28 alpha) [Source:HGNC Symbol;Acc:9568]"
554,ENSP00000412062,871,-130.1,4,"CD59, CD59 molecule, complement regulatory protein [Source:HGNC Symbol;Acc:1689; P13987; NP_001120699]"
555,ENSP00000386738,2483,-126.8,4,"KCMF1, potassium channel modulatory factor 1 [Source:HGNC Symbol;Acc:HGNC:20589]"
556,ENSP00000262888,492,-122.2,4,"KCNN4, potassium intermediate/small conductance calcium-activated channel, subfamily N, member 4 [Source:HGNC Symbol;Acc:HGNC:6293]"
557,ENSP00000404958,2632,-122.1,4,"MYADM, myeloid-associated differentiation marker [Source:HGNC Symbol;Acc:HGNC:7544]"
558,ENSP00000398269,2672,-122.1,4,"MYADM, myeloid-associated differentiation marker [Source:HGNC Symbol;Acc:HGNC:7544]"
559,ENSP00000416919,2672,-122.1,4,"MYADM, myeloid-associated differentiation marker [Source:HGNC Symbol;Acc:HGNC:7544]"
560,ENSP00000399722,2672,-122.1,4,"MYADM, myeloid-associated differentiation marker [Source:HGNC Symbol;Acc:HGNC:7544]"
561,ENSP00000390134,605,-115.7,4,"PRPS1L1, phosphoribosyl pyrophosphate synthetase 1-like 1 [Source:HGNC Symbol;Acc:9463; P21108; NP_787082]"
562,ENSP00000380481,366,-113.1,4,Band 4.1-like protein 1 (Neuronal protein 4.1) (4.1N). [Source:Uniprot/SWISSPROT;Acc:Q9H4G0]
563,ENSP00000387701,550,-110.5,4,"FN3K, fructosamine 3 kinase"
564,ENSP00000390069,248,-107.5,4,"ADD2, adducin 2 (beta) [Source:HGNC Symbol;Acc:244]"
565,ENSP00000396686,941,-100.8,4,"RAC2, ras-related C3 botulinum toxin substrate 2 (rho family, small GTP binding protein Rac2) [Source:HGNC Symbol;Acc:9802; P15153; NP_002863]"
566,ENSP00000348586,190,-99.9,4,"SLC4A3, solute carrier family 4, anion exchanger, member 3"
567,ENSP00000378634,135,-99.7,4,"TMOD1, tropomodulin 1 [Source:HGNC Symbol;Acc:11871]"
568,ENSP00000389321,206,-99.4,4,"MPP1, membrane protein, palmitoylated 1, 55kDa [Source:HGNC Symbol;Acc:HGNC:7219]"
569,ENSP00000400700,207,-99.4,4,"MPP1, membrane protein, palmitoylated 1, 55kDa [Source:HGNC Symbol;Acc:HGNC:7219]"
570,ENSP00000263708,93,-95,4,"PTPN4, protein tyrosine phosphatase, non-receptor type 4 (megakaryocyte) [Source:HGNC Symbol;Acc:HGNC:9656]"
571,ENSP00000357241,1325,-94.9,4,"CCT3, chaperonin containing TCP1, subunit 3 (gamma) [Source:HGNC Symbol;Acc:HGNC:1616]"
572,ENSP00000397201,2659,-94.5,4,"NUCB1, nucleobindin 1 [Source:HGNC Symbol;Acc:HGNC:8043]"
573,ENSP00000410519,2659,-94.5,4,"NUCB1, nucleobindin 1 [Source:HGNC Symbol;Acc:HGNC:8043]"
574,ENSP00000394712,828,-91.1,4,"RAC2, ras-related C3 botulinum toxin substrate 2 (rho family, small GTP binding protein Rac2) [Source:HGNC Symbol;Acc:9802]"
575,ENSP00000265298,290,-88.2,4,"AQP1, aquaporin 1 (Colton blood group)"
576,ENSP00000388104,2091,-87.5,4,"FLOT1, flotillin 1 [Source:HGNC Symbol;Acc:HGNC:3757]"
577,ENSP00000403164,377,-83.6,4,Trinucleotide repeat containing 6B Fragment  [Source:UniProtKB/TrEMBL;Acc:B7ZB91]
578,ENSP00000402379,259,-79.6,4,Flotillin-1  [Source:UniProtKB/Swiss-Prot;Acc:O75955]
579,ENSP00000391749,259,-79.6,4,"FLOT1, flotillin 1 [Source:HGNC Symbol;Acc:3757]"
580,ENSP00000410495,259,-79.6,4,Flotillin-1  [Source:UniProtKB/Swiss-Prot;Acc:O75955]
581,ENSP00000397202,259,-79.6,4,Flotillin-1  [Source:UniProtKB/Swiss-Prot;Acc:O75955]
582,ENSP00000410475,259,-79.6,4,Flotillin-1  [Source:UniProtKB/Swiss-Prot;Acc:O75955]
583,ENSP00000367184,391,-78.4,4,"GLIPR2, GLI pathogenesis-related 2 [Source:HGNC Symbol;Acc:18007]"
584,ENSP00000423968,413,-76.2,4,"ANK3, ankyrin 3, node of Ranvier (ankyrin G) [Source:HGNC Symbol;Acc:HGNC:494]"
585,ENSP00000389878,107,-75.3,4,"AQP1, aquaporin 1 (Colton blood group) [Source:HGNC Symbol;Acc:633]"
586,ENSP00000425391,289,-73.8,4,"GRK6, G protein-coupled receptor kinase 6 [Source:HGNC Symbol;Acc:HGNC:4545]"
587,ENSP00000357239,1130,-73.4,4,"CCT3, chaperonin containing TCP1, subunit 3 (gamma) [Source:HGNC Symbol;Acc:1616]"
588,ENSP00000359675,2872,-71.9,4,"GNG5, guanine nucleotide binding protein (G protein), gamma 5 [Source:HGNC Symbol;Acc:HGNC:4408]"
589,ENSP00000359679,2872,-71.9,4,"GNG5, guanine nucleotide binding protein (G protein), gamma 5 [Source:HGNC Symbol;Acc:HGNC:4408]"
590,ENSP00000403882,691,-70.9,4,"MYADM, myeloid-associated differentiation marker"
591,ENSP00000380474,666,-69.3,4,Band 4.1-like protein 1 (Neuronal protein 4.1) (4.1N). [Source:Uniprot/SWISSPROT;Acc:Q9H4G0]
592,ENSP00000319123,55,-65.1,4,"ANK1, ankyrin 1, erythrocytic [Source:HGNC Symbol;Acc:HGNC:492]"
593,ENSP00000379857,327,-60.9,4,"GLIPR2, GLI pathogenesis-related 2 [Source:HGNC Symbol;Acc:HGNC:18007]"
594,ENSP00000362921,710,-60.2,4,"ANK3, ankyrin 3, node of Ranvier (ankyrin G) [Source:HGNC Symbol;Acc:HGNC:494]"
595,ENSP00000408254,361,-57.7,4,"TONSL, tonsoku-like, DNA repair protein"
596,ENSP00000403788,141,-57.5,4,"FLOT1, flotillin 1 [Source:HGNC Symbol;Acc:3757]"
597,ENSP00000392119,155,-52.2,4,"ADD2, adducin 2 (beta) [Source:HGNC Symbol;Acc:244]"
598,ENSP00000376685,128,-51,4,"SH3BGRL2, SH3 domain binding glutamic acid-rich protein like 2 [Source:HGNC Symbol;Acc:15567]"
599,ENSP00000405813,275,-47.1,4,"UBXN1, UBX domain protein 1 [Source:HGNC Symbol;Acc:18402]"
600,ENSP00000362281,178,-41.3,4,"EIF2C3, eukaryotic translation initiation factor 2C, 3 [Source:HGNC Symbol;Acc:18421; NP_803171]"
601,ENSP00000380923,164,-41.3,4,Eukaryotic translation initiation factor 2C 3 (eIF2C 3) (eIF-2C 3) (Argonaute-3). [Source:Uniprot/SWISSPROT;Acc:Q9H9G7]
602,ENSP00000361124,1895,-40.9,4,"GNG5P2, guanine nucleotide binding protein (G protein), gamma 5 pseudogene 2 [Source:HGNC Symbol;Acc:24826]"
603,ENSP00000297744,15,-39.5,4,"ANK1, ankyrin 1, erythrocytic [Source:HGNC Symbol;Acc:HGNC:492]"
604,ENSP00000403589,15,-39.5,4,"ANK1, ankyrin 1, erythrocytic [Source:HGNC Symbol;Acc:492;CCDS ID:CCDS6120]"
605,ENSP00000335031,9,-39.5,4,"ANK1, ankyrin 1, erythrocytic [Source:HGNC Symbol;Acc:HGNC:492]"
606,ENSP00000292520,107,-38.8,4,"NFKBIL2, nuclear factor of kappa light polypeptide gene enhancer in B-cells inhibitor-like 2 [Source:HGNC Symbol;Acc:7801]"
607,ENSP00000380979,140,-36.9,4,Eukaryotic translation initiation factor 2C 4 (eIF2C 4) (eIF-2C 4) (Argonaute-4). [Source:Uniprot/SWISSPROT;Acc:Q9HCK5]
608,ENSP00000384427,178,-30.3,4,"KCNN4, potassium intermediate/small conductance calcium-activated channel, subfamily N, member 4"
609,ENSP00000416333,40,-25.9,4,"ACHE, acetylcholinesterase"
610,ENSP00000350037,33,-21.2,3,"ACHE, acetylcholinesterase [Source:HGNC Symbol;Acc:108]"
611,ENSP00000393477,82,-17.3,4,"ADSL, adenylosuccinate lyase [Source:HGNC Symbol;Acc:291]"
612,ENSP00000362540,148,-15.4,2,"AZIN2, antizyme inhibitor 2 [Source:HGNC Symbol;Acc:HGNC:29957]"
613,ENSP00000294517,151,-15.4,2,"AZIN2, antizyme inhibitor 2 [Source:HGNC Symbol;Acc:HGNC:29957]"
614,ENSP00000362542,148,-15.4,2,"AZIN2, antizyme inhibitor 2 [Source:HGNC Symbol;Acc:HGNC:29957]"
615,ENSP00000381233,143,-15.4,2,Arginine decarboxylase (EC 4.1.1.19) (ARGDC) (ADC) (Ornithine decarboxylase-like protein) (ODC-paralogue) (ODC-p). [Source:Uniprot/SWISSPROT;Acc:Q96A70]
616,ENSP00000373460,30,-12.8,2,"NFKBIL2, nuclear factor of kappa light polypeptide gene enhancer in B-cells inhibitor-like 2 [Source:HGNC Symbol;Acc:7801]"
617,ENSP00000339901,36,-7.4,2,"ADC, arginine decarboxylase"
